[{"doctor_name": "Иванов Иван Иванович", "appointment_time": "2024-12-10 10:00", "user_email": "test@example.com"}, {"doctor_name": "Иванов Иван Иванович", "appointment_time": "25.12.2024 11:00", "user_email": "2323@mail.ru"}, {"doctor_name": "Иванов Иван Иванович", "appointment_time": "25.12.2024 10:00", "user_email": "2323@mail.ru"}, {"doctor_name": "Иванов Иван Иванович", "appointment_time": "26.12.2024 10:00", "user_email": "2323@mail.ru"}, {"doctor_name": "Иванов Иван Иванович", "appointment_time": "25.12.2024 10:30", "user_email": "2323@mail.ru"}, {"doctor_name": "Петрова Мария Сергеевна", "appointment_time": "26.12.2024 11:00", "user_email": "2323@mail.ru"}, {"doctor_name": "Иванов Иван Иванович", "appointment_time": "22.01.2025 10:00", "user_email": "323@mail.ru"}, {"doctor_name": "Иванов Иван Иванович", "appointment_time": "23.01.2025 10:00", "user_email": "323@mail.ru"}, {"doctor_name": "Петрова Мария Сергеевна", "appointment_time": "22.01.2025 10:30", "user_email": "323@mail.ru"}]